{"_id":{"$oid":"6478c79a79a5ebc15f0b68b8"},"first_name":"Leslie","last_name":"Raynor","updated_at":{"$date":"2023-06-01T16:30:18.047Z"},"created_at":{"$date":"2023-06-01T16:30:18.047Z"}}
{"_id":{"$oid":"6478c79a79a5ebc15f0b68b9"},"first_name":"Rosetta","last_name":"Erdman","updated_at":{"$date":"2023-06-01T16:30:18.082Z"},"created_at":{"$date":"2023-06-01T16:30:18.082Z"}}
{"_id":{"$oid":"6478c79a79a5ebc15f0b68ba"},"first_name":"Jaylan","last_name":"Abbott","updated_at":{"$date":"2023-06-01T16:30:18.083Z"},"created_at":{"$date":"2023-06-01T16:30:18.083Z"}}
{"_id":{"$oid":"6478c79a79a5ebc15f0b68bb"},"first_name":"Wanda","last_name":"Abbott","updated_at":{"$date":"2023-06-01T16:30:18.084Z"},"created_at":{"$date":"2023-06-01T16:30:18.084Z"}}
{"_id":{"$oid":"6478c79a79a5ebc15f0b68bc"},"first_name":"Verla","last_name":"Mayer","updated_at":{"$date":"2023-06-01T16:30:18.084Z"},"created_at":{"$date":"2023-06-01T16:30:18.084Z"}}
{"_id":{"$oid":"6478c79a79a5ebc15f0b68bd"},"first_name":"Hester","last_name":"Tremblay","updated_at":{"$date":"2023-06-01T16:30:18.084Z"},"created_at":{"$date":"2023-06-01T16:30:18.084Z"}}
{"_id":{"$oid":"6478c79a79a5ebc15f0b68be"},"first_name":"Jace","last_name":"D'Amore","updated_at":{"$date":"2023-06-01T16:30:18.085Z"},"created_at":{"$date":"2023-06-01T16:30:18.085Z"}}
{"_id":{"$oid":"6478c79a79a5ebc15f0b68bf"},"first_name":"Gayle","last_name":"Howell","updated_at":{"$date":"2023-06-01T16:30:18.085Z"},"created_at":{"$date":"2023-06-01T16:30:18.085Z"}}
{"_id":{"$oid":"6478c79a79a5ebc15f0b68c0"},"first_name":"Cassandra","last_name":"Schuster","updated_at":{"$date":"2023-06-01T16:30:18.086Z"},"created_at":{"$date":"2023-06-01T16:30:18.086Z"}}
{"_id":{"$oid":"6478c79a79a5ebc15f0b68c1"},"first_name":"Madison","last_name":"Jones","updated_at":{"$date":"2023-06-01T16:30:18.086Z"},"created_at":{"$date":"2023-06-01T16:30:18.086Z"}}
