{"_id":{"$oid":"6478c79a79a5ebc15f0b68d6"},"body":"Aut et pariatur id ullam. Sunt officiis qui et natus nulla vel. Reiciendis aut quis qui nemo vero. Ducimus ut adipisci repellat qui.","author_id":"6478c79a79a5ebc15f0b68b8","post_id":"6478c79a79a5ebc15f0b68c2","updated_at":{"$date":"2023-06-01T16:30:18.197Z"},"created_at":{"$date":"2023-06-01T16:30:18.197Z"}}
{"_id":{"$oid":"6478c79a79a5ebc15f0b68d7"},"body":"Sequi laudantium animi et necessitatibus enim et. Voluptatum quo incidunt dolores nam in doloribus laboriosam. Dolorem nihil explicabo voluptatibus.","author_id":"6478c79a79a5ebc15f0b68b8","post_id":"6478c79a79a5ebc15f0b68c2","updated_at":{"$date":"2023-06-01T16:30:18.198Z"},"created_at":{"$date":"2023-06-01T16:30:18.198Z"}}
{"_id":{"$oid":"6478c79a79a5ebc15f0b68d8"},"body":"Dolorem iure non quos eum placeat. Iste corporis sed quisquam. Voluptatum quis quo consectetur corporis.","author_id":"6478c79a79a5ebc15f0b68b8","post_id":"6478c79a79a5ebc15f0b68c2","updated_at":{"$date":"2023-06-01T16:30:18.198Z"},"created_at":{"$date":"2023-06-01T16:30:18.198Z"}}
{"_id":{"$oid":"6478c79a79a5ebc15f0b68d9"},"body":"Et aut aliquam sit ut voluptatem. Minus unde accusantium cumque aspernatur ab. Et quis similique optio omnis quo nostrum ut rerum.","author_id":"6478c79a79a5ebc15f0b68b8","post_id":"6478c79a79a5ebc15f0b68c2","updated_at":{"$date":"2023-06-01T16:30:18.199Z"},"created_at":{"$date":"2023-06-01T16:30:18.199Z"}}
{"_id":{"$oid":"6478c79a79a5ebc15f0b68da"},"body":"Incidunt asperiores et est odio voluptas dicta. Omnis deserunt rerum ut et sunt quos velit. Eveniet dolorem sunt minima. Eaque vel voluptatem alias ipsam.","author_id":"6478c79a79a5ebc15f0b68b8","post_id":"6478c79a79a5ebc15f0b68c2","updated_at":{"$date":"2023-06-01T16:30:18.199Z"},"created_at":{"$date":"2023-06-01T16:30:18.199Z"}}
{"_id":{"$oid":"6478c79a79a5ebc15f0b68db"},"body":"Eos aut omnis doloribus dolorum laudantium delectus molestiae. Impedit voluptas perferendis soluta quia saepe ex. Voluptas dolor facilis atque magni. Ipsum facere nam id fuga facere voluptatem vel.","author_id":"6478c79a79a5ebc15f0b68b8","post_id":"6478c79a79a5ebc15f0b68c3","updated_at":{"$date":"2023-06-01T16:30:18.202Z"},"created_at":{"$date":"2023-06-01T16:30:18.202Z"}}
{"_id":{"$oid":"6478c79a79a5ebc15f0b68dc"},"body":"Aut nisi provident recusandae. Omnis aut facilis odio ea ut. Neque et laboriosam voluptas dolorem dolorem quam reprehenderit voluptas.","author_id":"6478c79a79a5ebc15f0b68b8","post_id":"6478c79a79a5ebc15f0b68c3","updated_at":{"$date":"2023-06-01T16:30:18.203Z"},"created_at":{"$date":"2023-06-01T16:30:18.203Z"}}
{"_id":{"$oid":"6478c79a79a5ebc15f0b68dd"},"body":"Dicta non ex dignissimos vitae unde harum. Nobis qui iusto expedita vel aut natus ipsum. Totam quam delectus quaerat culpa sed. Aliquid laudantium fugiat nemo praesentium.","author_id":"6478c79a79a5ebc15f0b68b8","post_id":"6478c79a79a5ebc15f0b68c3","updated_at":{"$date":"2023-06-01T16:30:18.203Z"},"created_at":{"$date":"2023-06-01T16:30:18.203Z"}}
{"_id":{"$oid":"6478c79a79a5ebc15f0b68de"},"body":"Voluptas excepturi earum et numquam quia nostrum. Eius reiciendis laboriosam ea. Eius dignissimos est quas dolorem reiciendis molestias possimus. Porro est architecto ducimus accusantium.","author_id":"6478c79a79a5ebc15f0b68b8","post_id":"6478c79a79a5ebc15f0b68c3","updated_at":{"$date":"2023-06-01T16:30:18.204Z"},"created_at":{"$date":"2023-06-01T16:30:18.204Z"}}
{"_id":{"$oid":"6478c79a79a5ebc15f0b68df"},"body":"Ut pariatur quia est voluptas qui minima id. Facilis voluptates tenetur non sed. In eaque est omnis porro quae sit. Labore consectetur saepe distinctio architecto.","author_id":"6478c79a79a5ebc15f0b68b8","post_id":"6478c79a79a5ebc15f0b68c3","updated_at":{"$date":"2023-06-01T16:30:18.204Z"},"created_at":{"$date":"2023-06-01T16:30:18.204Z"}}
{"_id":{"$oid":"6478c79a79a5ebc15f0b68e0"},"body":"Et doloribus id voluptate dolor nam. Minus quia nulla quisquam nesciunt nihil quisquam. Sit quaerat facere amet vel et aut.","author_id":"6478c79a79a5ebc15f0b68b8","post_id":"6478c79a79a5ebc15f0b68c4","updated_at":{"$date":"2023-06-01T16:30:18.207Z"},"created_at":{"$date":"2023-06-01T16:30:18.207Z"}}
{"_id":{"$oid":"6478c79a79a5ebc15f0b68e1"},"body":"A magnam maiores sequi omnis. Necessitatibus facere porro itaque. Ea nostrum doloribus voluptates ipsa voluptatem.","author_id":"6478c79a79a5ebc15f0b68b8","post_id":"6478c79a79a5ebc15f0b68c4","updated_at":{"$date":"2023-06-01T16:30:18.207Z"},"created_at":{"$date":"2023-06-01T16:30:18.207Z"}}
{"_id":{"$oid":"6478c79a79a5ebc15f0b68e2"},"body":"Id asperiores itaque hic repudiandae odio. Error eos est nobis et exercitationem non occaecati. Error fugit quo possimus.","author_id":"6478c79a79a5ebc15f0b68b8","post_id":"6478c79a79a5ebc15f0b68c4","updated_at":{"$date":"2023-06-01T16:30:18.208Z"},"created_at":{"$date":"2023-06-01T16:30:18.208Z"}}
{"_id":{"$oid":"6478c79a79a5ebc15f0b68e3"},"body":"Adipisci accusamus aspernatur dolores. Repellat voluptas ipsa rerum ea porro quia. Assumenda mollitia sed impedit minima aut et molestiae.","author_id":"6478c79a79a5ebc15f0b68b8","post_id":"6478c79a79a5ebc15f0b68c4","updated_at":{"$date":"2023-06-01T16:30:18.208Z"},"created_at":{"$date":"2023-06-01T16:30:18.208Z"}}
{"_id":{"$oid":"6478c79a79a5ebc15f0b68e4"},"body":"Ipsum omnis aut aut et cumque voluptatem non. Nihil accusamus a tenetur ea ratione qui. Unde placeat nihil laboriosam nesciunt.","author_id":"6478c79a79a5ebc15f0b68b8","post_id":"6478c79a79a5ebc15f0b68c4","updated_at":{"$date":"2023-06-01T16:30:18.209Z"},"created_at":{"$date":"2023-06-01T16:30:18.209Z"}}
{"_id":{"$oid":"6478c79a79a5ebc15f0b68e5"},"body":"Amet voluptas dolor est est id tenetur. Ad modi fugit temporibus saepe dolore. Omnis animi exercitationem molestiae corrupti et est id. Voluptates fugit voluptatem qui qui.","author_id":"6478c79a79a5ebc15f0b68b8","post_id":"6478c79a79a5ebc15f0b68c5","updated_at":{"$date":"2023-06-01T16:30:18.211Z"},"created_at":{"$date":"2023-06-01T16:30:18.211Z"}}
{"_id":{"$oid":"6478c79a79a5ebc15f0b68e6"},"body":"Autem sunt tenetur assumenda similique maxime mollitia et. Autem iste dolorem enim quaerat. Laudantium cumque iure numquam a est. Cupiditate repellat vel expedita doloribus dolor totam.","author_id":"6478c79a79a5ebc15f0b68b8","post_id":"6478c79a79a5ebc15f0b68c5","updated_at":{"$date":"2023-06-01T16:30:18.211Z"},"created_at":{"$date":"2023-06-01T16:30:18.211Z"}}
{"_id":{"$oid":"6478c79a79a5ebc15f0b68e7"},"body":"Sequi fuga quo aliquid repellendus reiciendis. Occaecati quas qui velit officia quos natus. Nam ullam necessitatibus animi recusandae occaecati. Sint ea a quo non atque corrupti dolores.","author_id":"6478c79a79a5ebc15f0b68b8","post_id":"6478c79a79a5ebc15f0b68c5","updated_at":{"$date":"2023-06-01T16:30:18.212Z"},"created_at":{"$date":"2023-06-01T16:30:18.212Z"}}
{"_id":{"$oid":"6478c79a79a5ebc15f0b68e8"},"body":"Minus eos dolore officiis sit nisi debitis aut illo. Et pariatur sit optio nisi molestiae ut. Consectetur porro quo qui sed iste veniam facilis modi.","author_id":"6478c79a79a5ebc15f0b68b8","post_id":"6478c79a79a5ebc15f0b68c5","updated_at":{"$date":"2023-06-01T16:30:18.212Z"},"created_at":{"$date":"2023-06-01T16:30:18.212Z"}}
{"_id":{"$oid":"6478c79a79a5ebc15f0b68e9"},"body":"Aut non in earum facere ex distinctio. Molestiae eaque quia quae aspernatur sed est voluptas qui. Ut id aliquam iure. Consequatur animi commodi placeat quia quia.","author_id":"6478c79a79a5ebc15f0b68b8","post_id":"6478c79a79a5ebc15f0b68c5","updated_at":{"$date":"2023-06-01T16:30:18.212Z"},"created_at":{"$date":"2023-06-01T16:30:18.212Z"}}
{"_id":{"$oid":"6478c79a79a5ebc15f0b68ea"},"body":"Ex aspernatur error molestiae et omnis dolorem. Accusantium nihil fuga maxime ut autem. Explicabo adipisci aut id sunt consectetur ipsum delectus mollitia.","author_id":"6478c79a79a5ebc15f0b68b8","post_id":"6478c79a79a5ebc15f0b68c6","updated_at":{"$date":"2023-06-01T16:30:18.215Z"},"created_at":{"$date":"2023-06-01T16:30:18.215Z"}}
{"_id":{"$oid":"6478c79a79a5ebc15f0b68eb"},"body":"Aut voluptas in porro pariatur quia ut commodi. Quia perspiciatis et numquam nihil quos minima et.","author_id":"6478c79a79a5ebc15f0b68b8","post_id":"6478c79a79a5ebc15f0b68c6","updated_at":{"$date":"2023-06-01T16:30:18.215Z"},"created_at":{"$date":"2023-06-01T16:30:18.215Z"}}
{"_id":{"$oid":"6478c79a79a5ebc15f0b68ec"},"body":"Unde non facilis fuga nulla dolore ab est dolorem. Quisquam nisi corrupti tempora sint sit delectus voluptatem ex. Minus sunt qui rerum recusandae qui vero magnam aut. Est vel totam sint rerum aut.","author_id":"6478c79a79a5ebc15f0b68b8","post_id":"6478c79a79a5ebc15f0b68c6","updated_at":{"$date":"2023-06-01T16:30:18.215Z"},"created_at":{"$date":"2023-06-01T16:30:18.215Z"}}
{"_id":{"$oid":"6478c79a79a5ebc15f0b68ed"},"body":"Similique qui id culpa reiciendis. Nobis dolore autem autem aut illum repellendus atque error. Et dignissimos quis eaque perferendis reiciendis labore.","author_id":"6478c79a79a5ebc15f0b68b8","post_id":"6478c79a79a5ebc15f0b68c6","updated_at":{"$date":"2023-06-01T16:30:18.216Z"},"created_at":{"$date":"2023-06-01T16:30:18.216Z"}}
{"_id":{"$oid":"6478c79a79a5ebc15f0b68ee"},"body":"Aut velit assumenda id voluptates et voluptate. Assumenda ex quod optio assumenda libero dignissimos. Dicta ut aliquam impedit deserunt quo ut.","author_id":"6478c79a79a5ebc15f0b68b8","post_id":"6478c79a79a5ebc15f0b68c6","updated_at":{"$date":"2023-06-01T16:30:18.216Z"},"created_at":{"$date":"2023-06-01T16:30:18.216Z"}}
{"_id":{"$oid":"6478c79a79a5ebc15f0b68ef"},"body":"Dolores qui maxime voluptatem dignissimos. Dolorum sapiente dolor et praesentium repudiandae est odio. Aut rem ipsum sint animi. Dolor doloribus blanditiis eveniet rerum earum soluta.","author_id":"6478c79a79a5ebc15f0b68b8","post_id":"6478c79a79a5ebc15f0b68c7","updated_at":{"$date":"2023-06-01T16:30:18.218Z"},"created_at":{"$date":"2023-06-01T16:30:18.218Z"}}
{"_id":{"$oid":"6478c79a79a5ebc15f0b68f0"},"body":"Provident placeat perferendis eos. Enim qui ducimus optio et perspiciatis eaque est. Quasi commodi praesentium aperiam. Ea dolor eius culpa. Eligendi et impedit aspernatur velit suscipit.","author_id":"6478c79a79a5ebc15f0b68b8","post_id":"6478c79a79a5ebc15f0b68c7","updated_at":{"$date":"2023-06-01T16:30:18.219Z"},"created_at":{"$date":"2023-06-01T16:30:18.219Z"}}
{"_id":{"$oid":"6478c79a79a5ebc15f0b68f1"},"body":"Voluptatem ut illo dolorem distinctio in quis. Debitis et iste cupiditate eum sunt aut.","author_id":"6478c79a79a5ebc15f0b68b8","post_id":"6478c79a79a5ebc15f0b68c7","updated_at":{"$date":"2023-06-01T16:30:18.219Z"},"created_at":{"$date":"2023-06-01T16:30:18.219Z"}}
{"_id":{"$oid":"6478c79a79a5ebc15f0b68f2"},"body":"Est qui et aut. Culpa quaerat vero autem. Autem et quis optio ipsa dolores consequatur.","author_id":"6478c79a79a5ebc15f0b68b8","post_id":"6478c79a79a5ebc15f0b68c7","updated_at":{"$date":"2023-06-01T16:30:18.22Z"},"created_at":{"$date":"2023-06-01T16:30:18.22Z"}}
{"_id":{"$oid":"6478c79a79a5ebc15f0b68f3"},"body":"Amet eos consequatur libero voluptatem est odit nihil. Qui est cumque reiciendis dolorem ut. Aut cumque aut vitae nobis. Eligendi debitis nostrum totam sapiente est aut debitis.","author_id":"6478c79a79a5ebc15f0b68b8","post_id":"6478c79a79a5ebc15f0b68c7","updated_at":{"$date":"2023-06-01T16:30:18.22Z"},"created_at":{"$date":"2023-06-01T16:30:18.22Z"}}
{"_id":{"$oid":"6478c79a79a5ebc15f0b68f4"},"body":"Quasi et dolorem minima qui. Et est ut praesentium molestias unde rem itaque. Sit voluptate et tempora quam asperiores quia. Optio totam dignissimos vero animi fuga labore voluptatibus inventore.","author_id":"6478c79a79a5ebc15f0b68b8","post_id":"6478c79a79a5ebc15f0b68c8","updated_at":{"$date":"2023-06-01T16:30:18.222Z"},"created_at":{"$date":"2023-06-01T16:30:18.222Z"}}
{"_id":{"$oid":"6478c79a79a5ebc15f0b68f5"},"body":"Inventore voluptatem sit sint rerum id odit aut. Quaerat a harum blanditiis praesentium reiciendis aspernatur. Distinctio consequatur molestias et harum rem aliquid earum praesentium.","author_id":"6478c79a79a5ebc15f0b68b8","post_id":"6478c79a79a5ebc15f0b68c8","updated_at":{"$date":"2023-06-01T16:30:18.223Z"},"created_at":{"$date":"2023-06-01T16:30:18.223Z"}}
{"_id":{"$oid":"6478c79a79a5ebc15f0b68f6"},"body":"Exercitationem odio porro voluptatibus quibusdam. Cumque repellat nam ipsa dolor. Cumque modi amet voluptas consectetur tempora.","author_id":"6478c79a79a5ebc15f0b68b8","post_id":"6478c79a79a5ebc15f0b68c8","updated_at":{"$date":"2023-06-01T16:30:18.223Z"},"created_at":{"$date":"2023-06-01T16:30:18.223Z"}}
{"_id":{"$oid":"6478c79a79a5ebc15f0b68f7"},"body":"Deserunt et pariatur voluptas. Rerum maiores rerum vitae in sit laboriosam. Velit ullam id ut rem delectus. Aperiam velit libero qui culpa harum qui.","author_id":"6478c79a79a5ebc15f0b68b8","post_id":"6478c79a79a5ebc15f0b68c8","updated_at":{"$date":"2023-06-01T16:30:18.223Z"},"created_at":{"$date":"2023-06-01T16:30:18.223Z"}}
{"_id":{"$oid":"6478c79a79a5ebc15f0b68f8"},"body":"Possimus voluptatem molestiae non occaecati est quasi ut. Sed ut qui aliquam minus voluptates eligendi. Sit animi consequatur labore quod. Ut commodi magni qui at eaque.","author_id":"6478c79a79a5ebc15f0b68b8","post_id":"6478c79a79a5ebc15f0b68c8","updated_at":{"$date":"2023-06-01T16:30:18.224Z"},"created_at":{"$date":"2023-06-01T16:30:18.224Z"}}
{"_id":{"$oid":"6478c79a79a5ebc15f0b68f9"},"body":"Ut modi aut tenetur. Molestias sed sit culpa repudiandae et quisquam. Quidem maiores nihil molestiae ullam. Eius ut voluptas molestiae sit ab eius doloremque.","author_id":"6478c79a79a5ebc15f0b68b8","post_id":"6478c79a79a5ebc15f0b68c9","updated_at":{"$date":"2023-06-01T16:30:18.227Z"},"created_at":{"$date":"2023-06-01T16:30:18.227Z"}}
{"_id":{"$oid":"6478c79a79a5ebc15f0b68fa"},"body":"Perferendis molestias illo optio qui. Hic minima sunt inventore explicabo sunt repellat. Hic aut voluptatem quam ut.","author_id":"6478c79a79a5ebc15f0b68b8","post_id":"6478c79a79a5ebc15f0b68c9","updated_at":{"$date":"2023-06-01T16:30:18.228Z"},"created_at":{"$date":"2023-06-01T16:30:18.228Z"}}
{"_id":{"$oid":"6478c79a79a5ebc15f0b68fb"},"body":"Ad magni et deleniti provident eos cupiditate illo. Placeat modi doloribus architecto aut quisquam. Distinctio rerum et autem sunt eaque quia totam. Dolorum eaque voluptate soluta at delectus.","author_id":"6478c79a79a5ebc15f0b68b8","post_id":"6478c79a79a5ebc15f0b68c9","updated_at":{"$date":"2023-06-01T16:30:18.228Z"},"created_at":{"$date":"2023-06-01T16:30:18.228Z"}}
{"_id":{"$oid":"6478c79a79a5ebc15f0b68fc"},"body":"Maxime praesentium aut autem et explicabo. Est numquam ad et maxime. Dolorem autem et unde fugiat quam autem accusamus. Quod animi tempora ratione est incidunt.","author_id":"6478c79a79a5ebc15f0b68b8","post_id":"6478c79a79a5ebc15f0b68c9","updated_at":{"$date":"2023-06-01T16:30:18.229Z"},"created_at":{"$date":"2023-06-01T16:30:18.229Z"}}
{"_id":{"$oid":"6478c79a79a5ebc15f0b68fd"},"body":"Dolores sit ad deleniti. Quia placeat occaecati magni laborum. Quia nemo ut quae beatae officia iusto.","author_id":"6478c79a79a5ebc15f0b68b8","post_id":"6478c79a79a5ebc15f0b68c9","updated_at":{"$date":"2023-06-01T16:30:18.229Z"},"created_at":{"$date":"2023-06-01T16:30:18.229Z"}}
{"_id":{"$oid":"6478c79a79a5ebc15f0b68fe"},"body":"Aut enim voluptas voluptatem. Vero dolor quis autem accusantium molestiae facere quam placeat. Aut cupiditate consequatur et deserunt id exercitationem optio.","author_id":"6478c79a79a5ebc15f0b68b8","post_id":"6478c79a79a5ebc15f0b68ca","updated_at":{"$date":"2023-06-01T16:30:18.232Z"},"created_at":{"$date":"2023-06-01T16:30:18.232Z"}}
{"_id":{"$oid":"6478c79a79a5ebc15f0b68ff"},"body":"Qui doloribus esse dolorum aut maiores perferendis. Et ullam nulla aut eveniet autem expedita. Aperiam quasi beatae in qui autem cupiditate.","author_id":"6478c79a79a5ebc15f0b68b8","post_id":"6478c79a79a5ebc15f0b68ca","updated_at":{"$date":"2023-06-01T16:30:18.233Z"},"created_at":{"$date":"2023-06-01T16:30:18.233Z"}}
{"_id":{"$oid":"6478c79a79a5ebc15f0b6900"},"body":"Minus dolorum consequuntur quasi. Et culpa odio velit impedit suscipit qui excepturi amet. Et commodi delectus sed totam nihil blanditiis.","author_id":"6478c79a79a5ebc15f0b68b8","post_id":"6478c79a79a5ebc15f0b68ca","updated_at":{"$date":"2023-06-01T16:30:18.233Z"},"created_at":{"$date":"2023-06-01T16:30:18.233Z"}}
{"_id":{"$oid":"6478c79a79a5ebc15f0b6901"},"body":"Odit nesciunt architecto delectus. Ut enim accusantium quo harum non dolores nihil. Expedita ab tempore fugiat harum fugit.","author_id":"6478c79a79a5ebc15f0b68b8","post_id":"6478c79a79a5ebc15f0b68ca","updated_at":{"$date":"2023-06-01T16:30:18.234Z"},"created_at":{"$date":"2023-06-01T16:30:18.234Z"}}
{"_id":{"$oid":"6478c79a79a5ebc15f0b6902"},"body":"Tempora deserunt nostrum numquam laudantium et magni voluptas enim. Ea reiciendis omnis veritatis sapiente quia in. Non explicabo similique qui.","author_id":"6478c79a79a5ebc15f0b68b8","post_id":"6478c79a79a5ebc15f0b68ca","updated_at":{"$date":"2023-06-01T16:30:18.234Z"},"created_at":{"$date":"2023-06-01T16:30:18.234Z"}}
{"_id":{"$oid":"6478c79a79a5ebc15f0b6903"},"body":"Illum unde aut at perferendis sit. Ut recusandae est alias expedita natus autem. Cupiditate enim aut sint eligendi dolores.","author_id":"6478c79a79a5ebc15f0b68b8","post_id":"6478c79a79a5ebc15f0b68cb","updated_at":{"$date":"2023-06-01T16:30:18.237Z"},"created_at":{"$date":"2023-06-01T16:30:18.237Z"}}
{"_id":{"$oid":"6478c79a79a5ebc15f0b6904"},"body":"Eligendi sequi explicabo fugiat sed earum nihil ab ut. Aut ipsam sunt suscipit saepe aspernatur quia. Perspiciatis repellat odit aut minus ducimus vel.","author_id":"6478c79a79a5ebc15f0b68b8","post_id":"6478c79a79a5ebc15f0b68cb","updated_at":{"$date":"2023-06-01T16:30:18.237Z"},"created_at":{"$date":"2023-06-01T16:30:18.237Z"}}
{"_id":{"$oid":"6478c79a79a5ebc15f0b6905"},"body":"Eum ut eum dignissimos inventore possimus rem nemo. Dolor deleniti dolorem quia occaecati voluptatum mollitia est. Consectetur quia eius et similique.","author_id":"6478c79a79a5ebc15f0b68b8","post_id":"6478c79a79a5ebc15f0b68cb","updated_at":{"$date":"2023-06-01T16:30:18.238Z"},"created_at":{"$date":"2023-06-01T16:30:18.238Z"}}
{"_id":{"$oid":"6478c79a79a5ebc15f0b6906"},"body":"Quidem sint inventore ab aliquam. Et dolorem blanditiis veniam numquam quae architecto. Tempora corrupti delectus in voluptas consequatur voluptatem et ipsum. Ut dolorum nam id ut quis.","author_id":"6478c79a79a5ebc15f0b68b8","post_id":"6478c79a79a5ebc15f0b68cb","updated_at":{"$date":"2023-06-01T16:30:18.238Z"},"created_at":{"$date":"2023-06-01T16:30:18.238Z"}}
{"_id":{"$oid":"6478c79a79a5ebc15f0b6907"},"body":"Sed ex dolores debitis et vel earum sequi. Dignissimos officia amet ut deserunt laborum. Impedit pariatur sit qui voluptatem eum sint quas. In aut in magni. Est veniam quas rem nisi libero aliquid.","author_id":"6478c79a79a5ebc15f0b68b8","post_id":"6478c79a79a5ebc15f0b68cb","updated_at":{"$date":"2023-06-01T16:30:18.239Z"},"created_at":{"$date":"2023-06-01T16:30:18.239Z"}}
{"_id":{"$oid":"6478c79a79a5ebc15f0b6908"},"body":"Id fugit rerum ratione hic vero. Ipsum aut velit et beatae. Sunt reiciendis error quasi est. Aut voluptas velit qui quia. Quia delectus sint et omnis atque. Enim et aut iste atque qui.","author_id":"6478c79a79a5ebc15f0b68b8","post_id":"6478c79a79a5ebc15f0b68cc","updated_at":{"$date":"2023-06-01T16:30:18.241Z"},"created_at":{"$date":"2023-06-01T16:30:18.241Z"}}
{"_id":{"$oid":"6478c79a79a5ebc15f0b6909"},"body":"Qui dolore ad iusto aut inventore. Repudiandae temporibus ut rerum omnis. Laudantium et ad voluptates. Ut blanditiis in beatae.","author_id":"6478c79a79a5ebc15f0b68b8","post_id":"6478c79a79a5ebc15f0b68cc","updated_at":{"$date":"2023-06-01T16:30:18.242Z"},"created_at":{"$date":"2023-06-01T16:30:18.242Z"}}
{"_id":{"$oid":"6478c79a79a5ebc15f0b690a"},"body":"Laboriosam vel libero aut ad. Qui qui ex at quos. Et fugit non velit. Exercitationem quo qui et qui.","author_id":"6478c79a79a5ebc15f0b68b8","post_id":"6478c79a79a5ebc15f0b68cc","updated_at":{"$date":"2023-06-01T16:30:18.242Z"},"created_at":{"$date":"2023-06-01T16:30:18.242Z"}}
{"_id":{"$oid":"6478c79a79a5ebc15f0b690b"},"body":"Deleniti nihil optio id illum. Ad amet animi qui. Eligendi quas dicta quia commodi omnis ea alias. Dolorem ab veniam aperiam molestiae hic.","author_id":"6478c79a79a5ebc15f0b68b8","post_id":"6478c79a79a5ebc15f0b68cc","updated_at":{"$date":"2023-06-01T16:30:18.243Z"},"created_at":{"$date":"2023-06-01T16:30:18.243Z"}}
{"_id":{"$oid":"6478c79a79a5ebc15f0b690c"},"body":"Necessitatibus totam iste velit maxime voluptatum sit sed. Qui nam corrupti maiores. Distinctio autem nam aperiam quibusdam.","author_id":"6478c79a79a5ebc15f0b68b8","post_id":"6478c79a79a5ebc15f0b68cc","updated_at":{"$date":"2023-06-01T16:30:18.243Z"},"created_at":{"$date":"2023-06-01T16:30:18.243Z"}}
{"_id":{"$oid":"6478c79a79a5ebc15f0b690d"},"body":"Architecto quo est ullam sed molestias. Ea et eligendi accusamus deserunt. Non eos fugit itaque asperiores.","author_id":"6478c79a79a5ebc15f0b68b8","post_id":"6478c79a79a5ebc15f0b68cd","updated_at":{"$date":"2023-06-01T16:30:18.246Z"},"created_at":{"$date":"2023-06-01T16:30:18.246Z"}}
{"_id":{"$oid":"6478c79a79a5ebc15f0b690e"},"body":"Deserunt velit non autem. Eaque illum qui deleniti culpa sed. Qui eveniet eum iusto aut possimus ut. Illo perspiciatis non saepe perspiciatis ipsam aut maxime quaerat.","author_id":"6478c79a79a5ebc15f0b68b8","post_id":"6478c79a79a5ebc15f0b68cd","updated_at":{"$date":"2023-06-01T16:30:18.246Z"},"created_at":{"$date":"2023-06-01T16:30:18.246Z"}}
{"_id":{"$oid":"6478c79a79a5ebc15f0b690f"},"body":"Qui quae error sit exercitationem eaque voluptatum illum dolor. Dolores minima mollitia qui. Beatae repudiandae suscipit laboriosam beatae.","author_id":"6478c79a79a5ebc15f0b68b8","post_id":"6478c79a79a5ebc15f0b68cd","updated_at":{"$date":"2023-06-01T16:30:18.247Z"},"created_at":{"$date":"2023-06-01T16:30:18.247Z"}}
{"_id":{"$oid":"6478c79a79a5ebc15f0b6910"},"body":"Dolor et alias explicabo sed. Voluptatem asperiores dolorem quas voluptas aperiam. Esse nam quis deserunt nihil quia odio sit hic.","author_id":"6478c79a79a5ebc15f0b68b8","post_id":"6478c79a79a5ebc15f0b68cd","updated_at":{"$date":"2023-06-01T16:30:18.247Z"},"created_at":{"$date":"2023-06-01T16:30:18.247Z"}}
{"_id":{"$oid":"6478c79a79a5ebc15f0b6911"},"body":"Sit iusto explicabo officia dolor tenetur. Modi exercitationem sed quis vel. Inventore doloremque tenetur iusto deleniti excepturi. Quam ut harum excepturi eum magnam.","author_id":"6478c79a79a5ebc15f0b68b8","post_id":"6478c79a79a5ebc15f0b68cd","updated_at":{"$date":"2023-06-01T16:30:18.247Z"},"created_at":{"$date":"2023-06-01T16:30:18.247Z"}}
{"_id":{"$oid":"6478c79a79a5ebc15f0b6912"},"body":"Doloremque sed magni et quae et eos. Odit odit qui vel eveniet iure. Rerum labore commodi saepe quibusdam minus numquam consequatur. Tenetur maiores et veritatis soluta. Fugit quis voluptatem aut.","author_id":"6478c79a79a5ebc15f0b68b8","post_id":"6478c79a79a5ebc15f0b68ce","updated_at":{"$date":"2023-06-01T16:30:18.25Z"},"created_at":{"$date":"2023-06-01T16:30:18.25Z"}}
{"_id":{"$oid":"6478c79a79a5ebc15f0b6913"},"body":"Illo consectetur ea consequatur dolore adipisci. Excepturi ut quasi beatae nihil quidem nihil sed. Nisi vitae aut rerum quas reiciendis.","author_id":"6478c79a79a5ebc15f0b68b8","post_id":"6478c79a79a5ebc15f0b68ce","updated_at":{"$date":"2023-06-01T16:30:18.251Z"},"created_at":{"$date":"2023-06-01T16:30:18.251Z"}}
{"_id":{"$oid":"6478c79a79a5ebc15f0b6914"},"body":"Dolorum est sit voluptas aut sed qui. Nobis ab rerum ducimus quis fugiat. Error adipisci temporibus repudiandae qui. Saepe et neque quia cum.","author_id":"6478c79a79a5ebc15f0b68b8","post_id":"6478c79a79a5ebc15f0b68ce","updated_at":{"$date":"2023-06-01T16:30:18.251Z"},"created_at":{"$date":"2023-06-01T16:30:18.251Z"}}
{"_id":{"$oid":"6478c79a79a5ebc15f0b6915"},"body":"Veniam perspiciatis rem molestias architecto expedita. Est quos fugit qui provident. Fugiat est ut repellat est consequatur vitae. Omnis rerum ipsam quasi eos ut.","author_id":"6478c79a79a5ebc15f0b68b8","post_id":"6478c79a79a5ebc15f0b68ce","updated_at":{"$date":"2023-06-01T16:30:18.251Z"},"created_at":{"$date":"2023-06-01T16:30:18.251Z"}}
{"_id":{"$oid":"6478c79a79a5ebc15f0b6916"},"body":"Sed ducimus in eos ullam animi laborum magnam. Fugit exercitationem excepturi aut ad quibusdam saepe qui. Impedit quidem suscipit placeat hic nam porro totam.","author_id":"6478c79a79a5ebc15f0b68b8","post_id":"6478c79a79a5ebc15f0b68ce","updated_at":{"$date":"2023-06-01T16:30:18.252Z"},"created_at":{"$date":"2023-06-01T16:30:18.252Z"}}
{"_id":{"$oid":"6478c79a79a5ebc15f0b6917"},"body":"Earum ullam et atque exercitationem et voluptatum. At nemo odio veniam ratione. Rerum odio eum dolore. Accusantium enim delectus non consequuntur.","author_id":"6478c79a79a5ebc15f0b68b8","post_id":"6478c79a79a5ebc15f0b68cf","updated_at":{"$date":"2023-06-01T16:30:18.254Z"},"created_at":{"$date":"2023-06-01T16:30:18.254Z"}}
{"_id":{"$oid":"6478c79a79a5ebc15f0b6918"},"body":"Dolorum ullam est ex unde nam. Voluptatem molestiae explicabo quisquam soluta similique. Qui rem qui doloremque unde neque autem facere. Ut iste natus amet dolorum est voluptas.","author_id":"6478c79a79a5ebc15f0b68b8","post_id":"6478c79a79a5ebc15f0b68cf","updated_at":{"$date":"2023-06-01T16:30:18.255Z"},"created_at":{"$date":"2023-06-01T16:30:18.255Z"}}
{"_id":{"$oid":"6478c79a79a5ebc15f0b6919"},"body":"Ut voluptate asperiores vel qui omnis. Earum asperiores magnam quod modi est autem. Itaque ea enim molestiae sit earum eum voluptas.","author_id":"6478c79a79a5ebc15f0b68b8","post_id":"6478c79a79a5ebc15f0b68cf","updated_at":{"$date":"2023-06-01T16:30:18.255Z"},"created_at":{"$date":"2023-06-01T16:30:18.255Z"}}
{"_id":{"$oid":"6478c79a79a5ebc15f0b691a"},"body":"Sint fugiat deleniti eum est consequatur. Repellat fugiat mollitia est est et. Sunt repudiandae quod molestiae ducimus eaque ea unde. Vel mollitia est est harum.","author_id":"6478c79a79a5ebc15f0b68b8","post_id":"6478c79a79a5ebc15f0b68cf","updated_at":{"$date":"2023-06-01T16:30:18.256Z"},"created_at":{"$date":"2023-06-01T16:30:18.256Z"}}
{"_id":{"$oid":"6478c79a79a5ebc15f0b691b"},"body":"Deleniti beatae voluptatem quis perferendis quibusdam. Suscipit dolores et quasi. Est impedit sint dolor ut veritatis ut aliquam.","author_id":"6478c79a79a5ebc15f0b68b8","post_id":"6478c79a79a5ebc15f0b68cf","updated_at":{"$date":"2023-06-01T16:30:18.256Z"},"created_at":{"$date":"2023-06-01T16:30:18.256Z"}}
{"_id":{"$oid":"6478c79a79a5ebc15f0b691c"},"body":"Ratione beatae incidunt soluta adipisci dicta. Voluptas sit velit quo consequuntur nesciunt. Rerum saepe labore error sunt ut. Voluptas quia debitis nostrum sit.","author_id":"6478c79a79a5ebc15f0b68b8","post_id":"6478c79a79a5ebc15f0b68d0","updated_at":{"$date":"2023-06-01T16:30:18.259Z"},"created_at":{"$date":"2023-06-01T16:30:18.259Z"}}
{"_id":{"$oid":"6478c79a79a5ebc15f0b691d"},"body":"Iure maxime dolor voluptate magni voluptas provident illo. Eveniet repellendus voluptas error qui fugiat. Placeat odio nesciunt exercitationem culpa saepe dolor.","author_id":"6478c79a79a5ebc15f0b68b8","post_id":"6478c79a79a5ebc15f0b68d0","updated_at":{"$date":"2023-06-01T16:30:18.26Z"},"created_at":{"$date":"2023-06-01T16:30:18.26Z"}}
{"_id":{"$oid":"6478c79a79a5ebc15f0b691e"},"body":"Eveniet repellendus et doloremque necessitatibus unde quas sit. Quos praesentium voluptatem blanditiis omnis libero eos enim. Rem aliquid ut molestias fuga eligendi earum et.","author_id":"6478c79a79a5ebc15f0b68b8","post_id":"6478c79a79a5ebc15f0b68d0","updated_at":{"$date":"2023-06-01T16:30:18.26Z"},"created_at":{"$date":"2023-06-01T16:30:18.26Z"}}
{"_id":{"$oid":"6478c79a79a5ebc15f0b691f"},"body":"Culpa aut omnis impedit enim. Explicabo nihil consequatur dolores distinctio aut laudantium. Nostrum perferendis vitae et et voluptatem nihil et ut. Magnam ipsam rerum debitis officia.","author_id":"6478c79a79a5ebc15f0b68b8","post_id":"6478c79a79a5ebc15f0b68d0","updated_at":{"$date":"2023-06-01T16:30:18.261Z"},"created_at":{"$date":"2023-06-01T16:30:18.261Z"}}
{"_id":{"$oid":"6478c79a79a5ebc15f0b6920"},"body":"Aspernatur quae quia sint aut. Voluptatem cumque omnis cupiditate officiis. Dolor distinctio ex rem ut aliquam. Adipisci natus corrupti labore voluptate laboriosam cumque rerum.","author_id":"6478c79a79a5ebc15f0b68b8","post_id":"6478c79a79a5ebc15f0b68d0","updated_at":{"$date":"2023-06-01T16:30:18.261Z"},"created_at":{"$date":"2023-06-01T16:30:18.261Z"}}
{"_id":{"$oid":"6478c79a79a5ebc15f0b6921"},"body":"Qui ipsam blanditiis esse. Adipisci blanditiis ipsam sit. Et non ex reprehenderit assumenda vitae aut ut totam. Repellendus maxime maxime suscipit officiis voluptas.","author_id":"6478c79a79a5ebc15f0b68b8","post_id":"6478c79a79a5ebc15f0b68d1","updated_at":{"$date":"2023-06-01T16:30:18.263Z"},"created_at":{"$date":"2023-06-01T16:30:18.263Z"}}
{"_id":{"$oid":"6478c79a79a5ebc15f0b6922"},"body":"Voluptatem et hic ipsam quas ut. Ea vero aut quos explicabo cum quasi fuga. Odit quaerat rerum et et. Vel qui tempora nesciunt. Doloremque libero et aut earum aspernatur qui rerum aut.","author_id":"6478c79a79a5ebc15f0b68b8","post_id":"6478c79a79a5ebc15f0b68d1","updated_at":{"$date":"2023-06-01T16:30:18.264Z"},"created_at":{"$date":"2023-06-01T16:30:18.264Z"}}
{"_id":{"$oid":"6478c79a79a5ebc15f0b6923"},"body":"Sed voluptas et et quasi saepe non. In qui ullam vel qui molestiae et et est. Quas voluptatem in cum nulla ea. Molestias dolorem dolorum asperiores totam.","author_id":"6478c79a79a5ebc15f0b68b8","post_id":"6478c79a79a5ebc15f0b68d1","updated_at":{"$date":"2023-06-01T16:30:18.264Z"},"created_at":{"$date":"2023-06-01T16:30:18.264Z"}}
{"_id":{"$oid":"6478c79a79a5ebc15f0b6924"},"body":"Est vero autem vel aliquid. Fuga et incidunt non dolorem. Et natus nihil ut quas quis tenetur quia.","author_id":"6478c79a79a5ebc15f0b68b8","post_id":"6478c79a79a5ebc15f0b68d1","updated_at":{"$date":"2023-06-01T16:30:18.265Z"},"created_at":{"$date":"2023-06-01T16:30:18.265Z"}}
{"_id":{"$oid":"6478c79a79a5ebc15f0b6925"},"body":"Nobis rerum vel mollitia provident ex sed. Et natus qui possimus facere temporibus. Sapiente ut iste amet aut reiciendis molestiae laboriosam.","author_id":"6478c79a79a5ebc15f0b68b8","post_id":"6478c79a79a5ebc15f0b68d1","updated_at":{"$date":"2023-06-01T16:30:18.265Z"},"created_at":{"$date":"2023-06-01T16:30:18.265Z"}}
{"_id":{"$oid":"6478c79a79a5ebc15f0b6926"},"body":"Doloribus excepturi repellendus et. Facilis reiciendis perferendis quo necessitatibus illo voluptatem. Est cumque est rerum repudiandae aut repellendus minus. Magni error a in.","author_id":"6478c79a79a5ebc15f0b68b8","post_id":"6478c79a79a5ebc15f0b68d2","updated_at":{"$date":"2023-06-01T16:30:18.268Z"},"created_at":{"$date":"2023-06-01T16:30:18.268Z"}}
{"_id":{"$oid":"6478c79a79a5ebc15f0b6927"},"body":"Beatae corrupti expedita enim ipsam voluptatum earum sint nisi. Quia aut non saepe et. Non nisi adipisci commodi ut error. Praesentium laudantium pariatur a cupiditate similique ut.","author_id":"6478c79a79a5ebc15f0b68b8","post_id":"6478c79a79a5ebc15f0b68d2","updated_at":{"$date":"2023-06-01T16:30:18.268Z"},"created_at":{"$date":"2023-06-01T16:30:18.268Z"}}
{"_id":{"$oid":"6478c79a79a5ebc15f0b6928"},"body":"Et totam expedita optio et impedit fuga amet architecto. Odio quis quasi eos ab. Aut ut enim saepe ut repellat eaque.","author_id":"6478c79a79a5ebc15f0b68b8","post_id":"6478c79a79a5ebc15f0b68d2","updated_at":{"$date":"2023-06-01T16:30:18.269Z"},"created_at":{"$date":"2023-06-01T16:30:18.269Z"}}
{"_id":{"$oid":"6478c79a79a5ebc15f0b6929"},"body":"Aut adipisci dolor optio quod nemo. Quasi hic soluta sed enim magnam cupiditate accusantium. Debitis recusandae commodi quidem doloremque.","author_id":"6478c79a79a5ebc15f0b68b8","post_id":"6478c79a79a5ebc15f0b68d2","updated_at":{"$date":"2023-06-01T16:30:18.269Z"},"created_at":{"$date":"2023-06-01T16:30:18.269Z"}}
{"_id":{"$oid":"6478c79a79a5ebc15f0b692a"},"body":"Occaecati asperiores consequatur necessitatibus earum enim natus. Assumenda et est reprehenderit consequatur exercitationem a velit. Voluptates quia enim reprehenderit sed consequuntur.","author_id":"6478c79a79a5ebc15f0b68b8","post_id":"6478c79a79a5ebc15f0b68d2","updated_at":{"$date":"2023-06-01T16:30:18.269Z"},"created_at":{"$date":"2023-06-01T16:30:18.269Z"}}
{"_id":{"$oid":"6478c79a79a5ebc15f0b692b"},"body":"Porro aut voluptates dolore culpa in tenetur. Rerum illum excepturi ducimus accusantium est qui. Explicabo rem harum saepe modi aut a.","author_id":"6478c79a79a5ebc15f0b68b8","post_id":"6478c79a79a5ebc15f0b68d3","updated_at":{"$date":"2023-06-01T16:30:18.272Z"},"created_at":{"$date":"2023-06-01T16:30:18.272Z"}}
{"_id":{"$oid":"6478c79a79a5ebc15f0b692c"},"body":"Eum dolor quisquam minima minima. Et dignissimos quo voluptatem explicabo et ullam nostrum deserunt. Exercitationem non est dolorum in et. In voluptatibus omnis repellat autem dicta reiciendis.","author_id":"6478c79a79a5ebc15f0b68b8","post_id":"6478c79a79a5ebc15f0b68d3","updated_at":{"$date":"2023-06-01T16:30:18.272Z"},"created_at":{"$date":"2023-06-01T16:30:18.272Z"}}
{"_id":{"$oid":"6478c79a79a5ebc15f0b692d"},"body":"Voluptatem aliquam et minus voluptas tempora reprehenderit omnis veritatis. Neque modi quisquam temporibus molestiae atque. Aut aut cum quod vel.","author_id":"6478c79a79a5ebc15f0b68b8","post_id":"6478c79a79a5ebc15f0b68d3","updated_at":{"$date":"2023-06-01T16:30:18.273Z"},"created_at":{"$date":"2023-06-01T16:30:18.273Z"}}
{"_id":{"$oid":"6478c79a79a5ebc15f0b692e"},"body":"Odit ratione maiores eveniet. Mollitia fugit et natus est. Reprehenderit est quibusdam voluptatem quas necessitatibus ducimus.","author_id":"6478c79a79a5ebc15f0b68b8","post_id":"6478c79a79a5ebc15f0b68d3","updated_at":{"$date":"2023-06-01T16:30:18.273Z"},"created_at":{"$date":"2023-06-01T16:30:18.273Z"}}
{"_id":{"$oid":"6478c79a79a5ebc15f0b692f"},"body":"A odit magnam dignissimos facere earum natus dolore nemo. Molestiae vel qui nihil debitis ut. A occaecati in eum et consequatur.","author_id":"6478c79a79a5ebc15f0b68b8","post_id":"6478c79a79a5ebc15f0b68d3","updated_at":{"$date":"2023-06-01T16:30:18.273Z"},"created_at":{"$date":"2023-06-01T16:30:18.273Z"}}
{"_id":{"$oid":"6478c79a79a5ebc15f0b6930"},"body":"Enim tempore illum facilis cupiditate delectus earum. At inventore earum eius ea ut. Soluta doloribus id architecto voluptates et iste ad consequatur.","author_id":"6478c79a79a5ebc15f0b68b8","post_id":"6478c79a79a5ebc15f0b68d4","updated_at":{"$date":"2023-06-01T16:30:18.276Z"},"created_at":{"$date":"2023-06-01T16:30:18.276Z"}}
{"_id":{"$oid":"6478c79a79a5ebc15f0b6931"},"body":"Tenetur enim culpa aperiam explicabo quia deleniti. Et itaque id libero sed porro laborum maiores. Voluptas esse repellat qui dolore.","author_id":"6478c79a79a5ebc15f0b68b8","post_id":"6478c79a79a5ebc15f0b68d4","updated_at":{"$date":"2023-06-01T16:30:18.276Z"},"created_at":{"$date":"2023-06-01T16:30:18.276Z"}}
{"_id":{"$oid":"6478c79a79a5ebc15f0b6932"},"body":"Aliquid inventore non quas est. Provident sed dolorem itaque deleniti. Et quod sunt porro nisi sed nulla. Pariatur sequi blanditiis rerum perferendis hic quam.","author_id":"6478c79a79a5ebc15f0b68b8","post_id":"6478c79a79a5ebc15f0b68d4","updated_at":{"$date":"2023-06-01T16:30:18.276Z"},"created_at":{"$date":"2023-06-01T16:30:18.276Z"}}
{"_id":{"$oid":"6478c79a79a5ebc15f0b6933"},"body":"Molestiae molestias voluptas ab dolore in sit necessitatibus. Aut voluptas quos molestias consequatur ut. Autem magnam et animi. Eveniet qui voluptas aut eum occaecati minus odio.","author_id":"6478c79a79a5ebc15f0b68b8","post_id":"6478c79a79a5ebc15f0b68d4","updated_at":{"$date":"2023-06-01T16:30:18.277Z"},"created_at":{"$date":"2023-06-01T16:30:18.277Z"}}
{"_id":{"$oid":"6478c79a79a5ebc15f0b6934"},"body":"Et assumenda eum voluptas fuga. Debitis atque et laborum. Voluptate dicta maiores ut non aut nemo. Enim maxime voluptatem distinctio rerum similique quo repellendus.","author_id":"6478c79a79a5ebc15f0b68b8","post_id":"6478c79a79a5ebc15f0b68d4","updated_at":{"$date":"2023-06-01T16:30:18.277Z"},"created_at":{"$date":"2023-06-01T16:30:18.277Z"}}
{"_id":{"$oid":"6478c79a79a5ebc15f0b6935"},"body":"Sed voluptatem quisquam in dolorum assumenda eveniet ut. Saepe voluptates id harum et omnis neque autem. Est assumenda non ut est.","author_id":"6478c79a79a5ebc15f0b68b8","post_id":"6478c79a79a5ebc15f0b68d5","updated_at":{"$date":"2023-06-01T16:30:18.279Z"},"created_at":{"$date":"2023-06-01T16:30:18.279Z"}}
{"_id":{"$oid":"6478c79a79a5ebc15f0b6936"},"body":"Aperiam eum natus et. Dolores nemo quo atque nemo alias suscipit. Eligendi esse necessitatibus adipisci deserunt incidunt.","author_id":"6478c79a79a5ebc15f0b68b8","post_id":"6478c79a79a5ebc15f0b68d5","updated_at":{"$date":"2023-06-01T16:30:18.28Z"},"created_at":{"$date":"2023-06-01T16:30:18.28Z"}}
{"_id":{"$oid":"6478c79a79a5ebc15f0b6937"},"body":"Doloremque accusantium vel eius in molestiae. Velit autem sed sit voluptas. Dolor aut sit velit provident et facilis qui. Maxime sequi repellat autem minus maiores.","author_id":"6478c79a79a5ebc15f0b68b8","post_id":"6478c79a79a5ebc15f0b68d5","updated_at":{"$date":"2023-06-01T16:30:18.28Z"},"created_at":{"$date":"2023-06-01T16:30:18.28Z"}}
{"_id":{"$oid":"6478c79a79a5ebc15f0b6938"},"body":"Vel eum harum velit quia non maiores. Laborum quia voluptatem sed facilis quis. Et dolore soluta magni et. Hic in suscipit hic autem qui unde.","author_id":"6478c79a79a5ebc15f0b68b8","post_id":"6478c79a79a5ebc15f0b68d5","updated_at":{"$date":"2023-06-01T16:30:18.281Z"},"created_at":{"$date":"2023-06-01T16:30:18.281Z"}}
{"_id":{"$oid":"6478c79a79a5ebc15f0b6939"},"body":"Sed saepe et sed et at explicabo. Adipisci aperiam asperiores et consequuntur culpa. Praesentium quidem nam consectetur et nostrum voluptatem molestiae.","author_id":"6478c79a79a5ebc15f0b68b8","post_id":"6478c79a79a5ebc15f0b68d5","updated_at":{"$date":"2023-06-01T16:30:18.281Z"},"created_at":{"$date":"2023-06-01T16:30:18.281Z"}}
