{"_id":{"$oid":"6478c79a79a5ebc15f0b68c2"},"title":"Quo sit et sed a a rerum consequatur repellendus.","description":"Laborum omnis consequatur velit vel molestiae doloremque modi rem vitae qui est dolorum animi harum sint illo nesciunt et sit ea ratione aliquam porro quidem debitis sed hic et cumque vitae aut quia fugiat dolorum.","body":"Occaecati excepturi saepe corporis magni. Ratione qui ad autem illo asperiores velit sit. Quia aut voluptate aspernatur molestias occaecati. Atque et voluptatibus ut nulla tempore. Aut quia est aut deserunt soluta. Voluptatum doloremque quibusdam quo deserunt perferendis et ut. Est sit perferendis ab quaerat dolorem consequatur. Et porro et animi unde consequuntur corrupti. Enim est dolores nesciunt tenetur beatae. Accusantium ut ut totam velit quas dolor optio commodi. Cum quis rerum ratione error rerum iste sit. Commodi voluptas eos dolores unde quas commodi. Corrupti tempore doloribus omnis in ut molestias qui ut. Veritatis et voluptates est voluptates facilis. Qui veniam voluptatem doloribus unde inventore. Ab doloremque qui quaerat qui explicabo quia. Aut voluptatum deserunt reprehenderit sed illo quia. Laudantium et sed dicta id culpa itaque maxime ut. Dicta at dolor voluptatibus. Illum laboriosam commodi quod molestiae porro deserunt amet. Necessitatibus qui aliquam aspernatur in ex aut in. Laudantium nulla aperiam similique dolores doloribus eos consectetur.","author_id":"6478c79a79a5ebc15f0b68b8","image":"assets/9.jpeg","updated_at":{"$date":"2023-06-01T16:30:18.126Z"},"created_at":{"$date":"2023-06-01T16:30:18.126Z"}}
{"_id":{"$oid":"6478c79a79a5ebc15f0b68c3"},"title":"Voluptatibus quo sunt ad.","description":"Ut quae ratione perferendis dolorum cupiditate quam molestias est non nam quod earum perspiciatis dolores quos neque qui veritatis non consequatur itaque qui ullam ex quibusdam dignissimos adipisci ab animi esse veniam atque mollitia illum est.","body":"Est consequatur beatae corrupti qui. Fuga est aut asperiores facere. Minus delectus voluptatem quam cumque. Autem accusamus provident rerum velit odio voluptatum. Modi soluta sapiente et recusandae veritatis aut iure et. Sit quas molestias et voluptatem neque molestiae. Quia ut et doloremque dolor consequatur consequatur autem harum. Enim nemo sint neque nisi deleniti. Animi dolor hic autem consequatur autem laboriosam quisquam qui. Aliquam corrupti facere quos ipsa iure. Itaque laboriosam at qui et eum aut omnis fuga. Ea nesciunt eos delectus rem id natus. Reiciendis ut optio aut omnis. Incidunt nisi hic molestiae doloremque. Sint quibusdam sint qui neque quod voluptatem. Debitis perspiciatis eum voluptas maxime nam ducimus rerum. Quae deserunt laboriosam pariatur atque impedit provident. Sunt corporis fuga sequi qui. Aliquam quidem eum voluptates magnam magnam. Numquam perferendis rerum dignissimos sed aut itaque. Error tempora nesciunt sit delectus. Nemo error neque illum odio voluptatem accusantium. Officia ratione reiciendis non et voluptas necessitatibus aut. Alias nobis voluptas sed aut. Eos sequi culpa ipsa eius repellendus suscipit facilis. Rerum autem recusandae iure sit culpa eum sit.","author_id":"6478c79a79a5ebc15f0b68b8","image":"assets/9.jpeg","updated_at":{"$date":"2023-06-01T16:30:18.127Z"},"created_at":{"$date":"2023-06-01T16:30:18.127Z"}}
{"_id":{"$oid":"6478c79a79a5ebc15f0b68c4"},"title":"Reiciendis a explicabo enim quo.","description":"Soluta tempore tenetur voluptatem rerum nihil qui aliquam sit voluptatem molestiae exercitationem consequatur fuga exercitationem temporibus corporis architecto accusantium iure quibusdam sit aliquid omnis et et aut quia atque facilis et magnam consequuntur nostrum et.","body":"Ab voluptatem distinctio quasi consectetur voluptate aspernatur excepturi ut. Omnis distinctio voluptate voluptatem consequatur. Rerum tempora distinctio qui necessitatibus. Vitae natus voluptatem officia ab et et qui explicabo. Ut expedita temporibus eveniet eum qui eaque. Aut magnam consequatur accusamus dolorem. Repellendus et consequuntur enim ducimus sit debitis. Quas reprehenderit quam voluptas debitis voluptatem. Sapiente voluptatem fugit unde velit aliquid autem. Illum nihil quaerat velit natus. Aut cum molestiae impedit optio animi vel. Ex deserunt laborum soluta dolores rerum saepe. Porro optio id rerum aperiam explicabo et. Aperiam quia cupiditate eveniet minus quo est sed. Tenetur perferendis repellat suscipit exercitationem iste velit molestias. Ut molestiae aliquid omnis nam. Voluptas voluptatem commodi maxime omnis. Vel molestiae alias voluptatem dolores vel. Et ut voluptatem et ea odio velit ad unde. Autem ipsum error nesciunt. Nostrum qui cupiditate ad laboriosam. Vitae voluptatem et et eos nemo velit necessitatibus. Eaque error similique asperiores nisi quod quidem. Voluptas molestias delectus cum maxime eos nesciunt. Qui quo rerum impedit aperiam unde iusto. Qui voluptatem placeat totam qui voluptatibus veritatis dolorem. Ut commodi et et odio quos aperiam temporibus.","author_id":"6478c79a79a5ebc15f0b68b9","image":"assets/4.jpeg","updated_at":{"$date":"2023-06-01T16:30:18.129Z"},"created_at":{"$date":"2023-06-01T16:30:18.129Z"}}
{"_id":{"$oid":"6478c79a79a5ebc15f0b68c5"},"title":"Dolores quo sed ullam quia eius omnis.","description":"Ut quia est sit facilis ad nam nobis et commodi iste provident modi dignissimos labore sapiente sit voluptas suscipit nesciunt asperiores officia quaerat amet.","body":"Perspiciatis distinctio reiciendis qui molestiae. Totam fugit sed quidem suscipit quia. Est eos autem voluptas voluptas rerum a voluptas. Quia nesciunt sint sunt. Suscipit non et placeat amet deserunt quaerat. Quo eum sint quis quia minima fugit rerum. Architecto aspernatur esse eligendi enim voluptatem provident quia. Et quidem optio eligendi nemo accusamus qui. Enim natus sequi a autem ab. Sed odit autem eveniet fugit et exercitationem. Sunt non omnis et aut. Unde cumque aut nisi consequatur quae vero sed. Molestiae in doloremque iure ut hic rerum iusto. Eos numquam occaecati quis.","author_id":"6478c79a79a5ebc15f0b68b9","image":"assets/4.jpeg","updated_at":{"$date":"2023-06-01T16:30:18.129Z"},"created_at":{"$date":"2023-06-01T16:30:18.129Z"}}
{"_id":{"$oid":"6478c79a79a5ebc15f0b68c6"},"title":"Aperiam est voluptatem et voluptate.","description":"Autem dolorem repudiandae sed quia ut dolorem quibusdam est earum accusantium repellat officiis qui magni eos sit optio culpa voluptatem vel qui aperiam.","body":"Delectus tempore maxime nisi dicta quo deleniti. Non enim atque nihil dolorem sit voluptas voluptates. Ducimus exercitationem amet magni. Non est vero ullam voluptatem qui. Occaecati nesciunt nisi delectus nostrum excepturi. Magnam possimus a placeat fuga earum quisquam. Quos atque necessitatibus nesciunt velit ullam eaque deserunt corrupti. Voluptatem illum nobis rerum molestias non. Eius eum laudantium omnis optio. Nam ea vel ad sapiente architecto. Id consequatur quidem molestiae voluptatem non vel cupiditate. Sequi totam aspernatur aspernatur omnis pariatur magni incidunt fugit. Laboriosam voluptatum sint dignissimos autem. Cum iusto qui aut vitae. Nesciunt ut eaque atque. Sapiente consectetur ut iure temporibus nostrum. Et ipsa omnis sit laborum eum laborum. Pariatur libero magnam quisquam unde ut. Alias aut neque assumenda architecto quia sequi. Saepe tempore repudiandae voluptatibus maiores fuga esse. Fugit culpa hic at. Possimus nihil nihil quas placeat. Vel dolores placeat impedit eaque molestiae fugit. Quam omnis accusamus blanditiis voluptatem quos eaque. Id quasi repellendus eligendi fugit. Dicta quis ut delectus. Quam dolorem quos maxime fugit est vero beatae. Voluptas maxime exercitationem mollitia ut omnis.","author_id":"6478c79a79a5ebc15f0b68ba","image":"assets/2.jpeg","updated_at":{"$date":"2023-06-01T16:30:18.131Z"},"created_at":{"$date":"2023-06-01T16:30:18.131Z"}}
{"_id":{"$oid":"6478c79a79a5ebc15f0b68c7"},"title":"Tempora sit fugiat temporibus dolore ut est.","description":"Reprehenderit occaecati nihil ex consequatur alias ullam aut omnis est et harum qui voluptates qui et ratione nam maiores officiis omnis temporibus minus iusto amet ea.","body":"Et ut dolorem atque accusamus explicabo et aut mollitia. Dolorum molestias nesciunt quis amet officia animi necessitatibus. Nihil maxime itaque at eius perspiciatis. Voluptatibus enim cum ut qui eos ipsa perferendis laborum. Impedit labore voluptatem id soluta ducimus recusandae accusamus. Perferendis fugiat molestiae culpa maxime voluptatem. Voluptas quibusdam qui quo in neque optio. Sit est facilis voluptatem iure praesentium doloremque. Et ex explicabo dolorem qui error dolores. Rerum assumenda corrupti quia. Recusandae est laborum sint officiis quia delectus veniam. Officiis ad totam quam laudantium voluptatem non repudiandae. Velit eaque qui tempore. Et consequatur aut facilis earum assumenda nisi. Dicta voluptate accusamus porro. Neque molestias tenetur id et nihil labore. Libero maiores excepturi omnis similique ipsam culpa sapiente. Qui ut ut aliquid id placeat nihil. Voluptatem corporis tempore qui incidunt laboriosam qui. Aut laudantium aut non mollitia adipisci. Animi ut quia vel. Et quas dolor sit qui. Eum itaque reiciendis harum exercitationem. Iusto nihil sapiente magnam et omnis sint possimus. Ipsa ut corporis blanditiis vel at corporis. In enim occaecati odit est. Sit adipisci perspiciatis labore praesentium. Voluptas minima fugit et.","author_id":"6478c79a79a5ebc15f0b68ba","image":"assets/2.jpeg","updated_at":{"$date":"2023-06-01T16:30:18.131Z"},"created_at":{"$date":"2023-06-01T16:30:18.131Z"}}
{"_id":{"$oid":"6478c79a79a5ebc15f0b68c8"},"title":"Voluptatem veniam et dolorum.","description":"Molestiae iste ut sequi placeat qui hic minus voluptatem quasi voluptates quo nemo dignissimos velit quis cumque.","body":"Nostrum exercitationem enim occaecati. Vel voluptatem saepe corrupti. Libero accusantium repellendus fugit iusto debitis esse consequatur. Et dolorum voluptas sunt qui. Nihil omnis consequatur tempore. Repellendus dignissimos facere optio fugiat iure magni. Esse dolor quasi est. Consequatur eligendi atque aspernatur autem ad. Rerum itaque cumque expedita voluptatum. Consectetur consequuntur perferendis id excepturi. Similique asperiores et repellat labore quibusdam tempore. Provident repellat molestiae deleniti ad et laudantium eos. Consequuntur quisquam eum amet eos. Quidem voluptates ipsa quia eaque dicta quis. Omnis dolorum dolor neque veniam est voluptate dolores. Maxime eos dolorem occaecati beatae mollitia non quibusdam. Vel autem et dolorem. Molestias minus molestias iste ducimus omnis. Voluptatem aut soluta quibusdam eos natus voluptas. Itaque natus corporis quis ullam qui. Quia aut eos et eos.","author_id":"6478c79a79a5ebc15f0b68bb","image":"assets/6.jpeg","updated_at":{"$date":"2023-06-01T16:30:18.133Z"},"created_at":{"$date":"2023-06-01T16:30:18.133Z"}}
{"_id":{"$oid":"6478c79a79a5ebc15f0b68c9"},"title":"Dolorum consequatur et possimus laboriosam non veritatis.","description":"Excepturi sit asperiores eaque sunt minima sed veniam illum et quaerat quia sit et nihil assumenda perferendis veniam ad dolorem maxime ut possimus est nesciunt aspernatur totam voluptate.","body":"Voluptatem nemo est omnis error et sint ut. Voluptatem labore saepe exercitationem. Eligendi et molestias exercitationem libero quod. Ipsa sed fuga maiores eaque tempore. Voluptatem et alias est doloribus veritatis harum est. Amet dolorem magni dolore quisquam. Nulla eum vel ut et vel non. Quia dolore eligendi aut id facilis aspernatur voluptatem earum. Sit a pariatur unde aut iusto. Placeat nemo laborum ad. Recusandae rem officiis qui nobis et. Quis id ab qui fugit modi voluptatibus culpa. Tempore ut aut voluptatem aut et. Similique voluptatum sed voluptatem quibusdam iure voluptatem dolores. Iusto dolores cumque dolores suscipit itaque consequatur dolore. Vero dolorum eaque quibusdam quo sed ut dolores. Est similique dolorem vel et beatae ut.","author_id":"6478c79a79a5ebc15f0b68bb","image":"assets/6.jpeg","updated_at":{"$date":"2023-06-01T16:30:18.134Z"},"created_at":{"$date":"2023-06-01T16:30:18.134Z"}}
{"_id":{"$oid":"6478c79a79a5ebc15f0b68ca"},"title":"Earum nemo quaerat sed reprehenderit.","description":"Architecto atque maxime reiciendis quia eos omnis omnis ratione ipsum debitis sed facilis exercitationem ducimus minima enim magnam eaque qui.","body":"Et non eos enim debitis voluptatem. Qui dignissimos et consequatur deserunt doloremque. Et omnis et aut qui. Qui voluptatibus sint voluptatem. Odit veniam aut quia. Similique harum minima minus est sit quae a eos. Iure non maxime debitis vero quae provident voluptatum. Laborum aperiam et ipsam ducimus velit accusamus qui. Praesentium tempora et consequatur recusandae incidunt velit odit. Sit nam ut et ut nam architecto. Recusandae unde omnis dolor aut tempora sit. Repudiandae repudiandae iusto molestias dicta id occaecati. Blanditiis provident nisi ut sit id. Omnis quaerat quae perferendis modi ipsa labore. Consequuntur fugit quia qui veritatis blanditiis. Qui a exercitationem vero provident. Eos ut corporis ea consequatur sint suscipit voluptas. Magnam rem sit tenetur molestiae quis est. Praesentium omnis voluptatem tempora. Neque delectus aut deserunt non fuga ullam ut. Tenetur expedita ut consectetur cumque.","author_id":"6478c79a79a5ebc15f0b68bc","image":"assets/5.jpeg","updated_at":{"$date":"2023-06-01T16:30:18.137Z"},"created_at":{"$date":"2023-06-01T16:30:18.137Z"}}
{"_id":{"$oid":"6478c79a79a5ebc15f0b68cb"},"title":"Corporis consequatur consequatur adipisci id.","description":"Illum exercitationem aut neque similique occaecati porro molestias itaque facilis totam amet magni recusandae omnis qui quo atque ut.","body":"Quas aut iure qui maiores ullam. Consequatur quia in assumenda possimus et molestias non harum. Labore deserunt asperiores nisi rerum aut et adipisci. Recusandae eveniet odio qui vel. Officia sint praesentium omnis dolores. Ea optio eligendi aliquam est est veniam. Qui voluptates asperiores et consectetur occaecati quisquam. Aut dolorum ut doloribus voluptatem harum. Voluptas sit placeat incidunt libero non nulla maiores. Harum officia qui architecto animi repellendus est. Repellat doloribus ea itaque et qui et debitis laboriosam. Laudantium non sed numquam facere esse non. Nemo temporibus vel qui suscipit nisi. Nostrum maiores voluptas libero accusantium reprehenderit. Fugit voluptatem nobis quos quis. Sit et et quia sapiente accusantium. Sit dolore enim doloribus esse placeat. Dignissimos id ea sapiente eligendi possimus rerum. Dolores deserunt vel quo velit magni sed earum. Doloremque dolores vero est impedit non esse sequi non. Qui laudantium id ipsam aut. Corporis cum ea voluptate cum. Ex cupiditate harum optio id. Eum quia autem id quia occaecati sint. Voluptas consequatur rem sit deserunt. Voluptatem quasi rerum accusantium omnis est nemo temporibus. Ipsam unde velit quisquam nesciunt. Eum magnam voluptas architecto magnam nihil consectetur laborum.","author_id":"6478c79a79a5ebc15f0b68bc","image":"assets/5.jpeg","updated_at":{"$date":"2023-06-01T16:30:18.139Z"},"created_at":{"$date":"2023-06-01T16:30:18.139Z"}}
{"_id":{"$oid":"6478c79a79a5ebc15f0b68cc"},"title":"Illum magni reiciendis sit et.","description":"Dolorem et qui ut ex ducimus et impedit nisi corporis quibusdam sapiente eum velit eveniet aut molestiae recusandae sapiente reprehenderit vitae eos odio numquam asperiores et harum ut ducimus alias dolores.","body":"Iure voluptas non tempora voluptates possimus. Dolor rerum sint pariatur ducimus. Sint nemo voluptate perferendis. Aut alias possimus ad voluptas. Et est occaecati iure sit. Sed nam quo non. Qui ab ut quo consequatur architecto delectus. Nihil tempora voluptatem voluptatem ab excepturi ut porro placeat. Et voluptatum placeat eveniet illo nesciunt qui. Corrupti recusandae blanditiis sit ut quidem. Quia velit dignissimos soluta aut. Reprehenderit voluptas quaerat quasi atque. Voluptate vel quia doloremque optio ipsum dicta et soluta. Rem et et quisquam sint dolorum voluptate aut. Qui in totam libero. Itaque nemo rerum id. Impedit exercitationem in libero odio. Quisquam voluptates corporis nulla est eum temporibus et. Et dicta esse hic et quia. Neque voluptate est eum voluptas.","author_id":"6478c79a79a5ebc15f0b68bd","image":"assets/1.jpeg","updated_at":{"$date":"2023-06-01T16:30:18.141Z"},"created_at":{"$date":"2023-06-01T16:30:18.141Z"}}
{"_id":{"$oid":"6478c79a79a5ebc15f0b68cd"},"title":"Ab voluptatum itaque et doloremque velit.","description":"Quas rerum voluptatem et velit explicabo repudiandae eveniet fuga ducimus molestiae cum fugiat modi rerum nisi incidunt nostrum necessitatibus vero numquam totam et ut voluptas consequatur iste illo numquam rem ut vel laudantium non.","body":"Rerum neque quam voluptatum quibusdam qui architecto pariatur. Est quis explicabo sunt commodi voluptatem. A et porro iure corrupti quo repudiandae maiores. Neque excepturi voluptatem nihil nihil. Et sapiente praesentium est et. Provident fuga accusamus illum fuga. Dolores rerum ducimus et dolor quas. Aut voluptas provident sed doloremque et quis aut. A animi voluptas facilis enim quas. Omnis accusantium aut sunt omnis deleniti. Id dolorum ullam quisquam nobis ut animi. Amet voluptas est labore. Provident fugiat est voluptas rem. Et architecto accusantium nulla sint quidem ut asperiores aspernatur. Rem perferendis ut sunt est vel et vel. Nisi similique nisi doloremque non. Consectetur neque iste explicabo tempore inventore aut optio. Maiores possimus sed illum minus corrupti at. Voluptas esse similique ipsum et.","author_id":"6478c79a79a5ebc15f0b68bd","image":"assets/1.jpeg","updated_at":{"$date":"2023-06-01T16:30:18.142Z"},"created_at":{"$date":"2023-06-01T16:30:18.142Z"}}
{"_id":{"$oid":"6478c79a79a5ebc15f0b68ce"},"title":"Et pariatur sequi sit laudantium non fuga.","description":"Tempore perferendis quas ea sint sint numquam architecto qui praesentium dignissimos quaerat eum architecto maiores saepe.","body":"Ipsam omnis quo optio nulla consectetur ut. Aut atque non laboriosam quia. Alias ex quia dicta incidunt ut eos id. Consequatur sunt qui doloremque et minus. Et quibusdam reiciendis veritatis vero rerum et. Reprehenderit rerum quae nulla voluptatum sed illo aspernatur. Veritatis voluptatem recusandae distinctio nemo architecto laudantium. Voluptatibus iusto laborum dicta ducimus unde tenetur. Accusamus autem aut qui quia error autem. Cumque nihil nobis quo et. Praesentium impedit et autem inventore nihil. Aperiam ex quis quis repellat minus. Dignissimos nihil ea est quis. Ea et officia distinctio quod illum nihil dolorum. Est quos aspernatur aliquam a explicabo ipsum nisi. Omnis autem aut commodi velit. Error cum autem consequuntur veritatis aut voluptatem. In alias voluptates omnis error labore ipsa. Deleniti odio est et quidem possimus est nihil ipsum. Voluptatem libero consectetur sapiente iure. Fuga doloremque esse nostrum itaque totam. Recusandae dolorem consequatur similique id cupiditate iure. Consequatur blanditiis eum eveniet sunt dolore. Optio facilis totam molestiae voluptates reiciendis quos veniam.","author_id":"6478c79a79a5ebc15f0b68be","image":"assets/9.jpeg","updated_at":{"$date":"2023-06-01T16:30:18.146Z"},"created_at":{"$date":"2023-06-01T16:30:18.146Z"}}
{"_id":{"$oid":"6478c79a79a5ebc15f0b68cf"},"title":"Iusto corrupti nihil dolor quis veritatis libero voluptatem qui.","description":"Dolore vero quas voluptas unde sunt consequuntur a dolorum porro cum aut numquam sed itaque quaerat fugit eum ipsa est aperiam molestiae velit ut molestiae dignissimos earum et.","body":"Ut praesentium consectetur magnam qui. Quia dolorem est doloremque. Optio necessitatibus deserunt et debitis fugit ut dignissimos labore. Ratione quisquam saepe harum numquam. Assumenda unde unde enim incidunt tempore. Non adipisci rerum et dicta est et. Rerum exercitationem sint ut sapiente in. Ut sapiente excepturi molestias doloremque nulla. Quasi vero error consequuntur suscipit. Fuga dolores voluptatem sit autem veritatis. Unde quia aut quidem ut alias sit. Laborum quod labore qui laudantium in qui velit rerum. Consequuntur animi quae architecto tempore cum. Consectetur rerum dolor qui ducimus earum nam. Culpa voluptatum dolor cupiditate at doloribus consequuntur qui. Sint sunt distinctio voluptate reiciendis dolores. Et iste enim sequi perferendis sequi quo culpa. Et numquam sunt aliquid vel delectus voluptas. Iste sed assumenda ab doloremque ad nihil. Voluptatem id temporibus dolor aut iste qui. Assumenda et neque minima. Quidem vel ratione iste culpa mollitia sequi et. Accusamus illo ipsam eos vero. Molestiae quod modi et deserunt. Velit adipisci suscipit culpa esse totam. Qui nulla earum explicabo qui repellat eos doloribus et. Dolor veritatis corrupti optio amet.","author_id":"6478c79a79a5ebc15f0b68be","image":"assets/9.jpeg","updated_at":{"$date":"2023-06-01T16:30:18.147Z"},"created_at":{"$date":"2023-06-01T16:30:18.147Z"}}
{"_id":{"$oid":"6478c79a79a5ebc15f0b68d0"},"title":"Est laudantium accusantium id.","description":"Molestiae maxime et quia repellendus ipsum vel ut commodi impedit odio iste aut voluptas voluptatem ut harum quae odit saepe quidem asperiores id voluptas laboriosam rem dolores eum aut explicabo.","body":"Dolores ut aspernatur eligendi. Voluptate laborum repellendus sed adipisci temporibus aliquam. Dolorum autem et et autem illo. Minima tenetur consequatur quia nobis maxime cupiditate eligendi. Recusandae voluptatem quo in adipisci. Quis dignissimos consequatur dolorum corporis. Maiores soluta maxime esse distinctio in quas distinctio. Ducimus corporis odit et nihil. Voluptas facilis quis similique doloribus est accusamus. Aliquid vero iure corporis. Ut consequatur culpa atque enim a rem ut. Reprehenderit itaque error sunt ut. Ea illum autem sequi veritatis. Nostrum qui et praesentium et debitis nesciunt. Illo iure dolorem animi quis et. Et quaerat error vel ducimus eum.","author_id":"6478c79a79a5ebc15f0b68bf","image":"assets/1.jpeg","updated_at":{"$date":"2023-06-01T16:30:18.15Z"},"created_at":{"$date":"2023-06-01T16:30:18.15Z"}}
{"_id":{"$oid":"6478c79a79a5ebc15f0b68d1"},"title":"Commodi amet voluptatem ratione minus.","description":"Expedita velit consequuntur distinctio eum ipsum quia incidunt dolor est aperiam molestias et totam omnis aut qui possimus eum ipsa repellat voluptatem qui dolorem voluptas reiciendis aut dolores et excepturi minus doloremque nostrum consequuntur.","body":"Reiciendis maxime adipisci qui voluptatem occaecati. Ipsum quis dolore nam omnis. Ut corporis aut qui nobis sint dolor. Ut quae enim necessitatibus nesciunt aut. Praesentium et ipsum quaerat eaque sed. Quae reiciendis ut nihil dolores blanditiis porro sunt. Ut commodi eius eveniet aliquid tempora. Quam ab consectetur labore adipisci magnam. Neque est ea voluptas non. Enim iure ut ex voluptatem expedita corporis quod sed. Veritatis sint qui recusandae illum a et. Culpa molestiae sequi sunt optio. Eos inventore atque et consectetur. Blanditiis accusamus nemo nisi ut dicta qui. Et qui quia accusantium et. Inventore accusantium perferendis est corporis debitis enim facere. Voluptatum cumque mollitia molestiae temporibus. Et voluptatum quo unde ut. Ut similique culpa laudantium consequuntur esse harum qui. Adipisci est fuga sed itaque ut. Explicabo rerum eos cumque facere aut soluta a.","author_id":"6478c79a79a5ebc15f0b68bf","image":"assets/1.jpeg","updated_at":{"$date":"2023-06-01T16:30:18.151Z"},"created_at":{"$date":"2023-06-01T16:30:18.151Z"}}
{"_id":{"$oid":"6478c79a79a5ebc15f0b68d2"},"title":"Debitis facere modi voluptatibus velit neque.","description":"Temporibus quis ut delectus magnam id a magni fuga dolorem placeat error corporis dolor expedita at voluptatum quia.","body":"Est pariatur sint similique minima. Est culpa rem libero sunt. Accusamus quis dicta libero placeat. In eum non odit quod illo possimus. Voluptatibus non molestias quaerat ab iure tenetur sint. Vero rerum sed cumque et aut odio aperiam ullam. Commodi est ullam maxime deleniti. Modi omnis laboriosam deleniti enim deserunt aut. Est temporibus facilis fuga eos voluptatem dolor sit. Nihil consequuntur officiis ad quia numquam et. Est possimus modi eos voluptatibus expedita rerum. Rerum earum modi quaerat omnis sed. Sequi error consectetur molestias corrupti quod vel. Quasi non aperiam laborum quo debitis alias. Voluptate expedita dolores est impedit qui minus a voluptatibus. Et qui quia quo autem. Est doloremque iusto voluptas libero. Corrupti sequi est ut nostrum et debitis. Qui nihil similique voluptas. Eos voluptate molestiae est reiciendis. Iure hic omnis adipisci velit mollitia.","author_id":"6478c79a79a5ebc15f0b68c0","image":"assets/2.jpeg","updated_at":{"$date":"2023-06-01T16:30:18.152Z"},"created_at":{"$date":"2023-06-01T16:30:18.152Z"}}
{"_id":{"$oid":"6478c79a79a5ebc15f0b68d3"},"title":"Debitis aliquid cupiditate iste ut dicta consequuntur non.","description":"Dolor molestiae eveniet repellendus optio iure id nemo vel a ut dolorem itaque nemo soluta consectetur et qui quam dignissimos non voluptates aperiam neque amet voluptates voluptatem tenetur velit et repellat mollitia qui ut.","body":"Ex perspiciatis perferendis quia corporis aliquid voluptatem aut. Consectetur ratione dicta molestiae sit. Atque suscipit repudiandae mollitia. Est molestias tempore at culpa praesentium modi. Autem quia voluptas id fugiat qui. Sunt consectetur et expedita error. Aut nihil harum ex eos. Eveniet voluptas aut nobis unde voluptatem et. Neque autem sit maxime est vero sed. Sit id voluptas quis rerum velit eum. Ad totam quos voluptates accusantium enim rem. Aut ipsa quis corrupti est facilis sed ad. In ipsam dolore reprehenderit et deserunt unde tempora. Voluptatem non dolor rerum et assumenda. Excepturi aut aspernatur in porro voluptas. Atque quia omnis rerum dolor id illum. Omnis nam et voluptatum nostrum consequatur explicabo ducimus labore. Aut soluta non dolorum sunt similique dolorum. Assumenda odio sint dolore minus. Voluptatem ut et nihil quis beatae velit in. Et iure facilis quod aspernatur dicta porro sit. Est minus illum assumenda fugiat facilis. Nam quos quisquam reiciendis amet asperiores error minus. Ut ut dolorem doloribus reprehenderit a natus natus. Quia voluptatem rerum perferendis officiis aut alias. Et praesentium sint reiciendis natus autem error qui. Molestiae asperiores incidunt et aut quis tempore iure quia.","author_id":"6478c79a79a5ebc15f0b68c0","image":"assets/2.jpeg","updated_at":{"$date":"2023-06-01T16:30:18.153Z"},"created_at":{"$date":"2023-06-01T16:30:18.153Z"}}
{"_id":{"$oid":"6478c79a79a5ebc15f0b68d4"},"title":"Voluptas in eos est maiores.","description":"Sit magni facere omnis et voluptas nulla dolorem repellat fuga fuga a sunt culpa porro ad in deleniti voluptate.","body":"Eaque eligendi enim et aspernatur tempore dolorum. Minima omnis omnis eaque libero facilis. Facilis in et ipsum deserunt est est in. Est aut non voluptatem eos praesentium ducimus. Eos veritatis libero laudantium fugiat et voluptatum aliquam. Impedit ab nobis soluta velit eum animi sit aut. Ut neque nihil vero officia est. Quis aut voluptas ducimus pariatur dolor ipsam blanditiis adipisci. Blanditiis consequuntur a commodi consectetur dolor. Necessitatibus cum atque asperiores sint dicta. Quod est dolorem adipisci quidem. Dignissimos quaerat ipsum id non. Animi vitae eum laudantium et. Nihil porro voluptatum at quia officia neque. Possimus earum rerum est ut qui at consequatur laboriosam. Et quo cumque aliquid.","author_id":"6478c79a79a5ebc15f0b68c1","image":"assets/6.jpeg","updated_at":{"$date":"2023-06-01T16:30:18.154Z"},"created_at":{"$date":"2023-06-01T16:30:18.154Z"}}
{"_id":{"$oid":"6478c79a79a5ebc15f0b68d5"},"title":"Delectus fuga unde doloribus dolore corrupti ut.","description":"Fuga debitis quae autem aperiam earum facere officia laudantium temporibus et commodi praesentium nesciunt dolorum et aut repellendus rerum id dolores veniam id eum aperiam vitae debitis impedit qui inventore voluptates quo tempora omnis ex.","body":"Sed aut ducimus voluptatibus accusamus ab. Sed repellendus consectetur ut reiciendis. Nostrum numquam dicta quaerat suscipit repellat iure accusamus. Voluptates neque et laborum rerum. Amet minus excepturi adipisci natus qui aliquid placeat. Doloremque dolores tempore deserunt itaque eum hic culpa totam. Enim culpa perspiciatis qui porro hic. Itaque odit quia qui repellendus quia. Maiores aperiam esse veniam enim. Dolorem autem cumque incidunt qui est. Veritatis earum doloremque quod consequatur voluptatem tempora. Nostrum aut veniam aut qui enim repudiandae optio. Recusandae quis magni id ullam culpa.","author_id":"6478c79a79a5ebc15f0b68c1","image":"assets/6.jpeg","updated_at":{"$date":"2023-06-01T16:30:18.155Z"},"created_at":{"$date":"2023-06-01T16:30:18.155Z"}}
